{
  "cv_accuracy": 0.8204268292682927,
  "cv_macro_precision": 0.8244380944955821,
  "cv_macro_f1": 0.8207237899417296
}